,logFC,AveExpr,t,P.Value,adj.P.Val,B
Tpr_TRINITY_DN11678_c3_g2|Tdu_TRINITY_DN24143_c2_g2,-2.64525223680406,5.42571563400822,-4.6481426011656914,0.00046938980716047595,0.0113622352448409,0.12421769788627697
Tpr_TRINITY_DN11366_c0_g1|Tdu_TRINITY_DN17359_c4_g3,-1.5473224536578,6.498929680132232,-5.08969273660189,0.00021473749254913798,0.00814638488850707,0.706199171018485
Tpr_TRINITY_DN13550_c0_g1|Tdu_TRINITY_DN10834_c0_g2,-1.52265269990188,4.26431649509488,-4.4970086750604015,0.000616966377695755,0.0127480869158128,-0.0828565176273655
Tpr_TRINITY_DN15101_c2_g1|Tdu_TRINITY_DN20083_c6_g1,-0.939942086083045,7.20277670010867,-4.982968771317942,0.000258805927709937,0.00883228262311738,0.471263805662475
Tpr_TRINITY_DN12963_c5_g1|Tdu_TRINITY_DN23188_c4_g1,-3.93426155207197,4.8115390114497805,-5.6003118216528405,8.98288731236597e-05,0.00555910489481359,1.651118793894
Tpr_TRINITY_DN14293_c0_g7|Tdu_TRINITY_DN24970_c1_g2,-0.5259685132617129,8.52329593574673,-3.177601674234,0.00736402145111585,0.0479212456623792,-2.94484671717117
Tpr_TRINITY_DN12096_c4_g4|Tdu_TRINITY_DN23701_c1_g1,-0.949952528579264,5.98119739949963,-3.5416061913495698,0.0036718546222197397,0.0321171569739746,-2.03229323969018
Tpr_TRINITY_DN11295_c2_g1|Tdu_TRINITY_DN21433_c2_g1,-1.20409376665396,5.900506447200461,-4.77630745394596,0.00037309412912464303,0.010355849377403,0.21860541470191105
Tpr_TRINITY_DN12905_c3_g4|Tdu_TRINITY_DN25040_c9_g3,0.7971078889561221,10.4793934549939,3.75690007345804,0.0024398089434953,0.0257702303918234,-1.85250429249619
Tpr_TRINITY_DN15300_c0_g4|Tdu_TRINITY_DN20225_c0_g2,-2.01097150677297,2.7140788460242904,-3.89665074823831,0.00187446831586577,0.0225854932630942,-1.0857710334056898
Tpr_TRINITY_DN10604_c3_g2|Tdu_TRINITY_DN18035_c0_g1,-1.35723779199555,4.411586103094152,-3.9489592670689904,0.00169906108311447,0.0216001246398384,-1.06919951383206
Tpr_TRINITY_DN14211_c3_g2|Tdu_TRINITY_DN17832_c3_g3,-1.5382394198455602,6.9518456161589,-5.5983362186146,9.012599505221992e-05,0.00555910489481359,1.54414205928045
Tpr_TRINITY_DN15552_c3_g13|Tdu_TRINITY_DN25195_c4_g5,-1.13144062971862,5.50579027027125,-4.42056011512498,0.0007092067320514058,0.0135760102477978,-0.3563403295378421
Tpr_TRINITY_DN13028_c1_g1|Tdu_TRINITY_DN18103_c1_g2,-0.951660731490762,7.1925977037989295,-4.61088765849341,0.0005019810230313139,0.0119428456536621,-0.19511091778206
Tpr_TRINITY_DN13747_c1_g4|Tdu_TRINITY_DN21432_c0_g1,-0.693673435460131,7.56804374835529,-3.85977272583608,0.00200919036147056,0.0233993400558956,-1.61078484855692
Tpr_TRINITY_DN10872_c5_g10|Tdu_TRINITY_DN23727_c2_g3,-2.33846155996983,2.13475153516576,-4.27092967863095,0.000933373892470592,0.0156107532365752,-0.54707038452362
Tpr_TRINITY_DN10283_c6_g2|Tdu_TRINITY_DN19734_c6_g1,-1.14935817397793,6.2662545656090405,-3.5915370071829504,0.00333890379273903,0.0305026387558728,-1.9872865115216003
Tpr_TRINITY_DN13452_c4_g3|Tdu_TRINITY_DN17266_c4_g3,-1.3856738570483702,5.61933403951282,-5.12223567554866,0.00020291837418353302,0.007909838159593079,0.8642908791043771
Tpr_TRINITY_DN10137_c1_g1|Tdu_TRINITY_DN17299_c3_g6,-1.46869844649397,3.8679821120570295,-3.7364765126590096,0.0025359474609978,0.0262320925561847,-1.36949922080672
Tpr_TRINITY_DN14765_c1_g1|Tdu_TRINITY_DN20801_c4_g2,-1.36093045358427,7.51368850532821,-7.67766384914534,3.74522522649588e-06,0.00173258280339062,4.72187450474443
Tpr_TRINITY_DN12985_c1_g4|Tdu_TRINITY_DN17416_c6_g3,1.03163449773587,7.09464909170992,5.20308653316533,0.000176404046542907,0.00749447191613665,0.934985701182993
Tpr_TRINITY_DN13705_c0_g4|Tdu_TRINITY_DN22023_c0_g2,-0.633115775871328,7.83733338305212,-3.22098875096205,0.0067767270816547105,0.045434626738276,-2.83465896855534
Tpr_TRINITY_DN11590_c2_g4|Tdu_TRINITY_DN20390_c4_g4,2.71405016927797,5.14956445304167,4.3325439465306,0.000833307340344119,0.0146700850381511,-0.36534190845035097
Tpr_TRINITY_DN14485_c0_g7|Tdu_TRINITY_DN19444_c4_g1,-1.83325500931088,3.55346638157128,-3.69121174807708,0.00276302660560401,0.0275211992163452,-1.41508147385811
Tpr_TRINITY_DN11103_c2_g2|Tdu_TRINITY_DN25343_c1_g1,-1.97191164920493,4.372897283890819,-3.27211026911106,0.00614472540047382,0.0429659195253183,-2.23717299203743
Tpr_TRINITY_DN12967_c2_g4|Tdu_TRINITY_DN20076_c1_g2,-3.52213833708221,3.82358946984736,-9.09979225783584,5.79078344170469e-07,0.000535776152434166,5.70398340577618
Tpr_TRINITY_DN14071_c2_g2|Tdu_TRINITY_DN20871_c4_g2,-0.9977264794752552,5.869343172742782,-4.36538774973856,0.0007845620092487758,0.0142955095208196,-0.512510012637896
Tpr_TRINITY_DN11742_c3_g1|Tdu_TRINITY_DN17033_c5_g2,-0.951501802966518,5.94909441081083,-4.49734133879694,0.000616593356093643,0.0127480869158128,-0.280726606006972
Tpr_TRINITY_DN10300_c2_g5|Tdu_TRINITY_DN19797_c3_g2,-1.15143577770603,4.48285856490524,-3.91658014062937,0.0018055484841107696,0.0221346913503026,-1.13212604989496
Tpr_TRINITY_DN14003_c0_g1|Tdu_TRINITY_DN19846_c1_g2,-2.22483126723007,2.09328015777756,-3.25414389828489,0.00635979426488371,0.0438757306078597,-2.13472942356554
Tpr_TRINITY_DN14776_c3_g5|Tdu_TRINITY_DN24560_c0_g1,-1.50069305483951,5.696192493348692,-5.69809578976205,7.633594008626009e-05,0.00528098837061817,1.81128111048116
Tpr_TRINITY_DN14946_c3_g3|Tdu_TRINITY_DN23131_c1_g1,-1.31874169188422,4.36324587534792,-3.94749704364942,0.00170372833345849,0.0216264418181537,-1.031372988062
Tpr_TRINITY_DN12816_c2_g1|Tdu_TRINITY_DN16601_c0_g1,1.20674835403099,8.65379136360453,6.43197214682714,2.3479508633598198e-05,0.00369024738548135,2.87305204268965
Tpr_TRINITY_DN12061_c3_g11|Tdu_TRINITY_DN16136_c0_g1,-1.12152586499167,8.089774379999339,-3.67659923870517,0.00284067435901106,0.0280596623813583,-1.9885267600666496
Tpr_TRINITY_DN11794_c8_g1|Tdu_TRINITY_DN14260_c0_g1,-1.84896629110823,2.85951675628622,-3.1488893242255003,0.007780441115765359,0.0496077589364304,-2.30501995288722
Tpr_TRINITY_DN12985_c1_g3|Tdu_TRINITY_DN23737_c1_g5,0.794705191468608,7.53212259645825,3.95972337837346,0.0016651042391360301,0.0214966248050941,-1.36469720049891
Tpr_TRINITY_DN10787_c5_g2|Tdu_TRINITY_DN25256_c1_g1,-2.54352157491382,2.77468053280384,-5.0347499838552014,0.00023635171028260401,0.00844678408379075,0.6807056851326789
Tpr_TRINITY_DN15916_c2_g3|Tdu_TRINITY_DN16190_c2_g1,2.21326072491429,5.54226813459963,5.622709507429169,8.65313903784818e-05,0.00550035792123373,1.73760452454584
Tpr_TRINITY_DN12734_c0_g1|Tdu_TRINITY_DN21561_c0_g1,-1.09833602865683,5.1230231263127415,-3.36011363924171,0.00519234545360362,0.0391636418407222,-2.2481257846433
Tpr_TRINITY_DN11235_c0_g2|Tdu_TRINITY_DN19122_c0_g1,-1.8871388450633704,2.94437464423327,-3.32227061496071,0.00558218859029722,0.0406952434664362,-2.02224222935596
Tpr_TRINITY_DN14191_c1_g2|Tdu_TRINITY_DN18565_c4_g2,-0.8938037968770759,6.566508597667039,-4.4614571081093,0.000658209884638137,0.0131301903685469,-0.39887903921207
Tpr_TRINITY_DN12405_c4_g1|Tdu_TRINITY_DN20809_c2_g4,-1.25001680377255,4.10949487105882,-3.15586245075128,0.00767719163900628,0.0491753652138502,-2.4064874648951498
Tpr_TRINITY_DN14996_c3_g2|Tdu_TRINITY_DN22215_c2_g1,-0.9685865896625008,5.61717079135131,-4.27241225328912,0.00093082586437737,0.0156107532365752,-0.650963709667837
Tpr_TRINITY_DN15304_c0_g2|Tdu_TRINITY_DN19013_c1_g3,-0.670480715458436,7.20895577815418,-3.2909518016932497,0.00592702671765028,0.041967985950573,-2.65591079141017
Tpr_TRINITY_DN12589_c3_g7|Tdu_TRINITY_DN22933_c0_g1,-1.9220635542716296,2.8712468701489504,-4.15408653630483,0.00115862210759178,0.0176377445885132,-0.671010666897808
Tpr_TRINITY_DN12052_c5_g2|Tdu_TRINITY_DN20934_c4_g2,-0.645188095260724,6.7129761121469915,-3.29713309193169,0.00585730984823995,0.0416514253683126,-2.5891579219875
Tpr_TRINITY_DN11294_c2_g1|Tdu_TRINITY_DN21081_c1_g1,-0.8616911156175269,5.36692207616267,-3.38087835960628,0.00499021743726706,0.0384755005556693,-2.2055833111773
Tpr_TRINITY_DN11690_c0_g3|Tdu_TRINITY_DN22823_c0_g1,1.47384764549426,5.88864364997472,5.0435005389326,0.000232762665269648,0.00844678408379075,0.7985026244695901
Tpr_TRINITY_DN10351_c3_g2|Tdu_TRINITY_DN17154_c6_g1,-0.967016256649673,6.44699874197633,-4.27950062248102,0.0009187422837941947,0.0156107532365752,-0.731928568818088
Tpr_TRINITY_DN15203_c0_g1|Tdu_TRINITY_DN14561_c0_g1,-2.03612083323762,2.04747774495938,-3.4561252651716203,0.00432200492110994,0.0350815149667289,-1.8214305733362
Tpr_TRINITY_DN11650_c4_g7|Tdu_TRINITY_DN21988_c4_g2,1.26511951029054,7.790605962106548,3.93920761181748,0.00173043684246343,0.0217839855868183,-1.39628249989662
Tpr_TRINITY_DN12019_c3_g4|Tdu_TRINITY_DN22016_c2_g1,-1.19098595298413,5.67835064039453,-4.5544784991202905,0.0005558679219745798,0.0124094160490143,-0.150346353575719
Tpr_TRINITY_DN12675_c3_g4|Tdu_TRINITY_DN22984_c6_g1,-0.944410061935421,5.5907736300062085,-3.6599319203349294,0.00293195837165359,0.0283888573962319,-1.76821283928895
Tpr_TRINITY_DN11926_c2_g3|Tdu_TRINITY_DN21142_c4_g3,-0.944568990812646,5.27308683347749,-3.8231254617866,0.0021528974247297396,0.0242052463723347,-1.4241639887608102
Tpr_TRINITY_DN15858_c4_g2|Tdu_TRINITY_DN19720_c1_g1,-1.6706235401421898,3.57112108894771,-3.22567038078077,0.00671623148804611,0.0452110425230073,-2.22395294085449
Tpr_TRINITY_DN11519_c1_g2|Tdu_TRINITY_DN25026_c0_g1,-1.02177460690263,4.77436231935154,-3.46995154965083,0.004209434712652439,0.0346778072929133,-1.99047170085639
Tpr_TRINITY_DN15063_c2_g3|Tdu_TRINITY_DN18415_c1_g5,-1.28357147685039,4.58108333727794,-3.96374263581734,0.0016526040828369099,0.0214414514002305,-1.05561907074222
Tpr_TRINITY_DN13712_c0_g1|Tdu_TRINITY_DN24271_c2_g1,-1.18713151950636,6.594988999628099,-3.23614272302205,0.00658286307841764,0.0447473476359051,-2.67514757180156
Tpr_TRINITY_DN13164_c4_g1|Tdu_TRINITY_DN18557_c2_g2,-0.5882857245243189,7.87908520417601,-3.5726296712990098,0.00346121905273402,0.031158455191477,-2.1711860230586297
Tpr_TRINITY_DN15616_c0_g7|Tdu_TRINITY_DN24317_c2_g2,-1.16775185687422,5.0890985341178885,-3.48608077520189,0.004081857272913,0.0342637353947042,-2.00689665257146
Tpr_TRINITY_DN10717_c1_g1|Tdu_TRINITY_DN15760_c0_g1,-0.867290173810415,7.32045444784827,-5.08454387370725,0.000216672403429253,0.00814638488850707,0.645661561105896
Tpr_TRINITY_DN11050_c0_g11|Tdu_TRINITY_DN14597_c0_g1,0.6909696877492391,8.4308594844419,3.607361510976721,0.0032399117787316896,0.0299431136309642,-2.10118602925085
Tpr_TRINITY_DN10882_c0_g1|Tdu_TRINITY_DN23906_c2_g1,-0.8348792058706259,8.57911868598844,-3.30716104495058,0.00574595794027909,0.0411406636016371,-2.7022086592628902
Tpr_TRINITY_DN13597_c2_g2|Tdu_TRINITY_DN22031_c2_g2,-0.858742749809893,6.7036820240627,-3.64664668712427,0.00300685397404445,0.0287463525164962,-1.93522458389047
Tpr_TRINITY_DN12875_c0_g1|Tdu_TRINITY_DN20872_c3_g1,0.9931189545774692,7.130503700907309,3.32725954436794,0.00552915313709694,0.0405292765603928,-2.4950815460149505
Tpr_TRINITY_DN13850_c3_g3|Tdu_TRINITY_DN18312_c4_g1,0.7832382493077309,6.85965715834661,3.7073519506523502,0.00267977008046154,0.0271394681298785,-1.7551251291761598
Tpr_TRINITY_DN13615_c1_g1|Tdu_TRINITY_DN23456_c5_g1,-0.9591913465974058,7.00731484121804,-4.471833685901791,0.0006458849461254809,0.0129285671788146,-0.42691416691732303
Tpr_TRINITY_DN11082_c2_g3|Tdu_TRINITY_DN22848_c3_g1,-2.02893143345714,7.03663507260339,-6.748815182768049,1.44394900639517e-05,0.00278993753774114,3.3903448079508
Tpr_TRINITY_DN33866_c0_g1|Tdu_TRINITY_DN23611_c0_g2,-2.7832167420964904,4.38278942279622,-5.62474559602659,8.62379984632767e-05,0.00550035792123373,1.66680107299092
Tpr_TRINITY_DN9980_c0_g3|Tdu_TRINITY_DN22886_c1_g3,-0.809598103433979,5.7329826283272185,-3.88302328066924,0.0019231406265346601,0.0229294998771436,-1.37454175401463
Tpr_TRINITY_DN6010_c0_g1|Tdu_TRINITY_DN47038_c0_g1,-2.5264044604631697,2.83377537284217,-4.17113104098154,0.0011225542250108,0.0173102019104906,-0.631454449391132
Tpr_TRINITY_DN11397_c3_g1|Tdu_TRINITY_DN22539_c0_g2,0.8599254329767511,7.59921237109052,4.67931024716639,0.00044381442007760096,0.0110647984310963,-0.043241360748441
Tpr_TRINITY_DN14701_c1_g1|Tdu_TRINITY_DN21335_c2_g5,1.47899487442253,7.24228081549125,3.223533002004649,0.00674378300373087,0.0453529313420797,-2.65316893577546
Tpr_TRINITY_DN14522_c7_g1|Tdu_TRINITY_DN20118_c3_g1,-1.80567052443812,3.76283250563225,-3.76575548386194,0.0023992880039565303,0.0254832540930434,-1.29285869822927
Tpr_TRINITY_DN11730_c1_g1|Tdu_TRINITY_DN19712_c3_g2,-1.04499460744138,5.522211002817,-3.24294023378221,0.00649772049581273,0.0444589306233629,-2.52991150753195
Tpr_TRINITY_DN10351_c7_g3|Tdu_TRINITY_DN20767_c4_g2,1.49050275502075,5.37723814428968,3.8094706229884703,0.00220909342155947,0.0244148934171878,-1.29551906845106
Tpr_TRINITY_DN12686_c2_g3|Tdu_TRINITY_DN20268_c7_g1,-1.46720509516851,6.30558031245136,-7.428861499659151,5.318684877700799e-06,0.00186048273491653,4.41771284477084
Tpr_TRINITY_DN15518_c0_g1|Tdu_TRINITY_DN17395_c0_g2,-1.11665755450612,6.3937072954086505,-3.6728222076884,0.0028611037113082,0.0280656874024078,-1.84450733302607
Tpr_TRINITY_DN14882_c0_g9|Tdu_TRINITY_DN23525_c1_g5,1.1946859481294598,6.93310371882406,3.8142378758555,0.00218930560391268,0.0242747639997082,-1.54069287713076
Tpr_TRINITY_DN11618_c0_g5|Tdu_TRINITY_DN24489_c1_g3,-1.33269945714535,7.00544657679695,-5.493995516957389,0.000107381335744048,0.0060011032398704,1.45736453982334
Tpr_TRINITY_DN12156_c2_g2|Tdu_TRINITY_DN18887_c1_g1,-1.17160475579427,5.99483096208964,-4.547215795549139,0.0005632296578210469,0.0124620049228926,-0.199705790283506
Tpr_TRINITY_DN11895_c0_g2|Tdu_TRINITY_DN20681_c3_g2,-0.975843901407366,7.32755152388986,-5.9514642813961895,5.0381713346919895e-05,0.00440325877129113,2.1138672361123203
Tpr_TRINITY_DN15653_c4_g1|Tdu_TRINITY_DN24493_c0_g3,-2.13707618126532,6.451147826633941,-6.61760252685156,1.76309385595345e-05,0.00312367713585624,3.21600882566448
Tpr_TRINITY_DN11493_c0_g1|Tdu_TRINITY_DN22879_c3_g1,-0.79477301820279,6.24123880359523,-3.5010247311526603,0.00396715004807531,0.0336742695721948,-2.15524838044223
Tpr_TRINITY_DN12141_c2_g2|Tdu_TRINITY_DN23282_c7_g1,1.28362805941825,5.438079344986581,3.68105439139585,0.0028167679699785198,0.0278896871415115,-1.54095101671083
Tpr_TRINITY_DN8010_c0_g1|Tdu_TRINITY_DN15834_c0_g2,1.23741637787264,4.73696063167787,3.20828777757576,0.00694361469709975,0.0461435230859655,-2.29450849666227
Tpr_TRINITY_DN13452_c4_g1|Tdu_TRINITY_DN20805_c3_g3,-1.80103418968461,5.876054781174282,-4.1436912716235295,0.0011812033960241302,0.0178092638635425,-0.920886378787913
Tpr_TRINITY_DN11385_c1_g11|Tdu_TRINITY_DN22111_c8_g1,0.7884378530354109,7.37049185366145,4.17668820744662,0.0011110463460037,0.0172516114127177,-0.943921832889861
Tpr_TRINITY_DN12670_c1_g3|Tdu_TRINITY_DN21623_c1_g1,-1.03144193749475,6.6202442443334295,-4.13007851921325,0.00121146093454588,0.018046216819255,-1.02768997355682
Tpr_TRINITY_DN13841_c2_g1|Tdu_TRINITY_DN22772_c1_g1,-0.591710328190455,6.793724797943572,-3.2834517959972205,0.006012738579842279,0.042430571317243,-2.62188536603057
Tpr_TRINITY_DN9258_c0_g1|Tdu_TRINITY_DN19858_c5_g1,-1.97161513141826,3.13891887010247,-4.21699721253698,0.0010311302820923901,0.0165080149495708,-0.551129303776509
Tpr_TRINITY_DN12979_c6_g1|Tdu_TRINITY_DN35654_c0_g1,-2.898945409182049,3.194985896403141,-4.86633081738078,0.0003179256259544641,0.00967642702803131,0.489691175837575
Tpr_TRINITY_DN14734_c0_g1|Tdu_TRINITY_DN24906_c5_g1,1.04801498113316,8.835289783944722,4.35794221678378,0.0007953477199549209,0.014405018377372,-0.6989206816052261
Tpr_TRINITY_DN11635_c2_g2|Tdu_TRINITY_DN20584_c1_g2,-2.58377641971833,5.79335154947438,-4.962538466787,0.000268267726474072,0.0089354614333984,0.6931518666347378
Tpr_TRINITY_DN12500_c1_g1|Tdu_TRINITY_DN13289_c0_g1,-1.94512383891452,3.44807198178932,-3.2199727006623,0.0067899284081660285,0.0454865115485105,-2.2038425845865
Tpr_TRINITY_DN15099_c2_g5|Tdu_TRINITY_DN24369_c3_g4,-3.45039808686484,4.36777602030797,-6.06190664566269,4.2153212987469297e-05,0.00411906084068066,2.2949182671821498
Tpr_TRINITY_DN11515_c1_g5|Tdu_TRINITY_DN25395_c1_g1,-1.57844864051141,4.12409090580278,-4.17008641130501,0.00112473113651035,0.0173117119662138,-0.637599481181355
Tpr_TRINITY_DN9986_c0_g1|Tdu_TRINITY_DN21942_c2_g1,2.99349093212963,4.29094830836933,3.4606385344097994,0.00428492806277818,0.0349125205271565,-1.83388577502287
Tpr_TRINITY_DN11171_c2_g4|Tdu_TRINITY_DN19303_c1_g1,-1.35557635770935,8.795512160549071,-7.3614929392851,5.85631178075425e-06,0.00186048273491653,4.25052416456376
Tpr_TRINITY_DN12303_c1_g2|Tdu_TRINITY_DN18685_c2_g4,-1.14610213463759,8.1098186608331,-4.41244045287381,0.000719809033203554,0.0136505516644295,-0.5903802250637309
Tpr_TRINITY_DN10117_c0_g1|Tdu_TRINITY_DN18981_c5_g1,-2.25927629471087,6.34080567644135,-7.89240425534129,2.78379614604679e-06,0.00154537803387544,5.04671946241445
Tpr_TRINITY_DN14731_c0_g1|Tdu_TRINITY_DN17915_c2_g5,-2.1135974319747297,4.063123580815431,-4.61529969449959,0.000498001646775271,0.0118821195206237,0.110333871085106
Tpr_TRINITY_DN9598_c0_g1|Tdu_TRINITY_DN13747_c0_g1,-1.3733194665228998,4.15672996994877,-3.31344791476408,0.005677236417934229,0.0409656392132915,-2.11138979814312
Tpr_TRINITY_DN15473_c2_g1|Tdu_TRINITY_DN20164_c0_g2,-0.759544808722125,6.37590429409916,-3.5600435278346096,0.00354515417421146,0.0314717471307663,-2.0592904749621
Tpr_TRINITY_DN12048_c1_g3|Tdu_TRINITY_DN22051_c9_g2,-3.51242226561283,1.92773567958316,-6.13124765069365,3.7721178874757895e-05,0.00411906084068066,2.04953858153368
Tpr_TRINITY_DN12962_c3_g3|Tdu_TRINITY_DN21781_c1_g2,-1.34519394104095,4.4893905025161915,-3.225955663964529,0.00671256264578442,0.0452110425230073,-2.34389398982813
Tpr_TRINITY_DN13317_c1_g4|Tdu_TRINITY_DN22469_c0_g1,-1.6161461263212902,3.94805442930255,-4.52140724456502,0.000590218405292565,0.0126010783793662,-0.0327703306792557
Tpr_TRINITY_DN11923_c1_g1|Tdu_TRINITY_DN25222_c3_g1,-1.7586693220794,7.180665616761428,-7.04899249419711,9.22328058735208e-06,0.0024202912641854307,3.83750476415586
Tpr_TRINITY_DN15596_c1_g2|Tdu_TRINITY_DN18225_c2_g1,-1.0401937169039002,5.0911492444928,-3.61874899385491,0.00317052575205321,0.029649988031075,-1.7096691354959102
Tpr_TRINITY_DN11282_c5_g4|Tdu_TRINITY_DN21715_c2_g2,1.23807164727272,5.91517839612638,3.82828198505089,0.0021320578984888893,0.024154620572404,-1.36958256568201
Tpr_TRINITY_DN10748_c4_g3|Tdu_TRINITY_DN20877_c1_g5,-1.20076593421471,7.40740133251387,-4.81750522349815,0.000346704418344008,0.00995519893638123,0.158538378895681
Tpr_TRINITY_DN15099_c2_g2|Tdu_TRINITY_DN19660_c4_g2,-0.8022570718755541,5.90501043676548,-3.87683091280364,0.0019456831781905104,0.0229811401770104,-1.40961764932237
Tpr_TRINITY_DN9331_c0_g1|Tdu_TRINITY_DN21215_c2_g2,-2.0916698702192,3.72306006827796,-3.3094789785485204,0.00572052380330034,0.0410999151942036,-2.06623946600982
Tpr_TRINITY_DN15505_c4_g12|Tdu_TRINITY_DN15879_c0_g1,-2.48725625338153,3.1856190017030497,-5.11560797685766,0.000205269113570219,0.007910426137914421,0.8582642705876079
Tpr_TRINITY_DN10811_c3_g10|Tdu_TRINITY_DN16300_c1_g2,-0.679126696251434,7.7551919125311395,-3.1742241318921103,0.00741182504183006,0.048104650914512,-2.91532172592402
Tpr_TRINITY_DN11732_c3_g3|Tdu_TRINITY_DN18822_c2_g1,-1.26808440766855,4.92458528730967,-3.60416922605326,0.0032596385134271108,0.0300920287154186,-1.73711047589946
Tpr_TRINITY_DN14206_c0_g5|Tdu_TRINITY_DN18445_c3_g2,-1.20472398022246,7.58033410491717,-4.414893086673231,0.000716589312821772,0.0136505516644295,-0.5825757764468361
Tpr_TRINITY_DN11473_c5_g3|Tdu_TRINITY_DN21450_c3_g1,-3.08322566535934,5.36345576783027,-6.50524502215822,2.0957394410790306e-05,0.00349024446517302,2.96710593340688
Tpr_TRINITY_DN12156_c0_g1|Tdu_TRINITY_DN17403_c1_g4,0.8224286926820942,7.931771436828709,4.04015269370484,0.0014324373302809304,0.0199111705444791,-1.24841384964834
Tpr_TRINITY_DN14001_c2_g1|Tdu_TRINITY_DN22733_c1_g2,-1.17834900674623,5.41612796468788,-5.31526809445681,0.00014547020669683898,0.00693211733158188,1.20429365694312
Tpr_TRINITY_DN11438_c5_g1|Tdu_TRINITY_DN21599_c2_g2,-1.34936636208119,4.48661550542571,-3.86593112191754,0.00198602169948842,0.0232269700725282,-1.22340577270178
Tpr_TRINITY_DN11762_c2_g2|Tdu_TRINITY_DN19737_c3_g1,-1.2621370406534498,6.748359153248731,-3.6724201658190494,0.0028632870813475107,0.0280656874024078,-1.88504161677225
Tpr_TRINITY_DN13383_c3_g5|Tdu_TRINITY_DN18629_c4_g2,-1.16967585169961,8.693359698168809,-4.72813843454787,0.000406619984984221,0.0107489670316305,-0.0468365770371761
Tpr_TRINITY_DN16232_c0_g1|Tdu_TRINITY_DN16511_c0_g1,-3.19352261647714,2.7239749273184,-5.22655113950766,0.000169407255634506,0.007377630437788359,0.9833603318395292
Tpr_TRINITY_DN10383_c2_g7|Tdu_TRINITY_DN22414_c2_g3,-1.09807960804456,5.3085165976117406,-3.6748060526698194,0.00285035483032094,0.0280656874024078,-1.65815707535222
Tpr_TRINITY_DN15315_c1_g2|Tdu_TRINITY_DN20536_c4_g2,-1.17379688257834,5.91815088541872,-5.051934244932919,0.00022935739764835098,0.00844678408379075,0.700890115611087
Tpr_TRINITY_DN15540_c3_g4|Tdu_TRINITY_DN25069_c2_g5,-1.25342283045224,5.2260962295545,-4.81799270971606,0.00034640405314273704,0.00995519893638123,0.363920528119065
Tpr_TRINITY_DN14530_c6_g1|Tdu_TRINITY_DN22048_c2_g1,-1.6353454360071298,7.0935811510662115,-5.20484123092237,0.000175870511214528,0.00749447191613665,0.886811355326978
Tpr_TRINITY_DN12641_c0_g3|Tdu_TRINITY_DN20135_c4_g1,-3.17349470163561,3.72309272246613,-5.45528114078705,0.000114636924477859,0.0061985822735528,1.39476400047147
Tpr_TRINITY_DN12680_c1_g1|Tdu_TRINITY_DN22693_c4_g4,-1.2707368208038,5.80052269240357,-5.47132181304332,0.000111570204068596,0.00607219012600785,1.4354732209441
Tpr_TRINITY_DN38147_c0_g1|Tdu_TRINITY_DN23461_c0_g3,-2.52191904479977,4.43371804209069,-4.64652268508214,0.0004707602124404269,0.0113623776492505,0.16699175840374805
Tpr_TRINITY_DN10045_c0_g1|Tdu_TRINITY_DN21734_c3_g3,-2.62940923150054,5.41585145461928,-4.3554456584133705,0.000798998491535542,0.0144295208017675,-0.343634561713574
Tpr_TRINITY_DN13384_c0_g3|Tdu_TRINITY_DN20981_c0_g1,1.9517076478723,6.53089382211018,3.33281889636587,0.00547065124575586,0.0403133742685036,-2.2864428225684903
Tpr_TRINITY_DN14416_c0_g4|Tdu_TRINITY_DN19856_c1_g1,1.08190751783652,7.53541881512035,4.9895332840660505,0.000255840170780385,0.00876700042011632,0.5288611595757661
Tpr_TRINITY_DN10383_c2_g2|Tdu_TRINITY_DN22414_c2_g4,-2.27997549658044,2.72450983691275,-3.89098903318054,0.00189453489066248,0.0227644906703412,-1.09586249201863
Tpr_TRINITY_DN14130_c3_g1|Tdu_TRINITY_DN18223_c4_g6,-1.76123556975268,3.8131554351235497,-4.22593980617614,0.00101421851036106,0.0163670494879391,-0.52466045547953
Tpr_TRINITY_DN12597_c4_g1|Tdu_TRINITY_DN16847_c0_g1,0.7951101946038671,7.3653629379873395,4.471837857251581,0.0006458800398937719,0.0129285671788146,-0.401281535459851
Tpr_TRINITY_DN11340_c2_g5|Tdu_TRINITY_DN20476_c5_g2,-0.7463572346163609,6.73370287103795,-3.53535244105044,0.0037158654559014603,0.0322784264701487,-2.14320651347746
Tpr_TRINITY_DN14771_c6_g1|Tdu_TRINITY_DN19947_c3_g1,1.50731985422811,6.5838894538157495,6.0843761032998716,4.0659809119132004e-05,0.00411906084068066,2.451964365022
Tpr_TRINITY_DN10182_c0_g1|Tdu_TRINITY_DN21868_c1_g1,-1.62698799895552,3.9065253965939903,-3.20256814245929,0.00702010897759425,0.046504731468916,-2.26581770394323
Tpr_TRINITY_DN15815_c2_g1|Tdu_TRINITY_DN17973_c0_g3,-1.48804581494645,4.88813188041646,-3.83070057478257,0.00212235458646409,0.0240774477404448,-1.22366205270998
Tpr_TRINITY_DN12207_c0_g1|Tdu_TRINITY_DN43039_c0_g1,-4.20521505490867,4.09990957038183,-7.768817382309481,3.2998437516934e-06,0.0016163411129618199,4.42005074344109
Tpr_TRINITY_DN12235_c1_g6|Tdu_TRINITY_DN23881_c0_g2,-2.64491440197807,3.80423551907084,-4.82957054400172,0.000339349416541191,0.009845862688287459,0.448141781330269
Tpr_TRINITY_DN14448_c1_g3|Tdu_TRINITY_DN18546_c0_g1,-2.23865840123836,2.8942503993957103,-3.71250876168963,0.00265371193790357,0.0270140089326688,-1.37945577142274
Tpr_TRINITY_DN12976_c2_g1|Tdu_TRINITY_DN24695_c0_g1,-1.01395261366754,6.921268524475651,-5.43806738179708,0.00011802644800393898,0.00630003995210772,1.28357791813671
Tpr_TRINITY_DN11613_c1_g3|Tdu_TRINITY_DN16092_c0_g1,1.09083071291287,5.45011391480772,3.32191346040859,0.00558600495762418,0.0406952434664362,-2.20834669844271
Tpr_TRINITY_DN14639_c1_g2|Tdu_TRINITY_DN4307_c0_g1,-1.44156850508753,5.84876084235546,-5.2488811080982,0.000163018105273831,0.0072890732058009,1.06606936533246
Tpr_TRINITY_DN11675_c2_g4|Tdu_TRINITY_DN19364_c5_g2,1.05589581952145,6.49993860988811,3.18817458623898,0.007216365987627659,0.0473527813861115,-2.6526076380575003
Tpr_TRINITY_DN13639_c1_g1|Tdu_TRINITY_DN23161_c1_g3,-1.4442111681211105,4.43478516792525,-5.27899866263285,0.000154797526064684,0.007201111729277209,1.20941350560155
Tpr_TRINITY_DN12212_c1_g6|Tdu_TRINITY_DN18035_c2_g2,-1.2802161140522,6.846055143523411,-5.1473393734369095,0.000194266514146794,0.00777903581987071,0.786945591781445
Tpr_TRINITY_DN13333_c0_g1|Tdu_TRINITY_DN15462_c0_g1,0.983276718889926,7.383356906933769,3.3074089817557994,0.00574323196199566,0.0411406636016371,-2.56601097822592
Tpr_TRINITY_DN10647_c3_g3|Tdu_TRINITY_DN22278_c4_g1,-0.692785447295026,6.18873600978038,-3.47244914367204,0.0041894184963256,0.0346649725885582,-2.1928714936221696
Tpr_TRINITY_DN10985_c0_g2|Tdu_TRINITY_DN27688_c0_g1,-2.55995138818274,4.07543683568087,-5.8167799888711205,6.276444432766689e-05,0.0047948580542796606,1.92739863868059
Tpr_TRINITY_DN12037_c0_g4|Tdu_TRINITY_DN17242_c2_g1,0.9453290580517232,6.5461610281446205,3.68701608501043,0.0027850976213458,0.0277078947347031,-1.74502012995142
Tpr_TRINITY_DN12962_c3_g1|Tdu_TRINITY_DN18080_c7_g4,1.91555104783866,7.588081269399071,6.308378058058231,2.84875858812523e-05,0.00369024738548135,2.75585433337549
Tpr_TRINITY_DN9825_c0_g1|Tdu_TRINITY_DN16259_c0_g1,-1.46674669726886,4.886440130953179,-3.41193588365489,0.00470261298020878,0.0372381125363136,-2.00690488802062
Tpr_TRINITY_DN10645_c3_g10|Tdu_TRINITY_DN13331_c0_g2,-1.5788318333850802,4.23222290556136,-3.4159257212314804,0.00466689928469962,0.0370813648317689,-1.97275960203582
Tpr_TRINITY_DN11549_c1_g1|Tdu_TRINITY_DN22826_c4_g1,0.94105452366886,6.209770412568751,3.75770433919172,0.00243610009162579,0.0257702303918234,-1.5663021688811
Tpr_TRINITY_DN15381_c1_g1|Tdu_TRINITY_DN18642_c1_g1,-2.04077183534759,2.7039975327630605,-3.6237451246177694,0.00314056195141623,0.0295496716038903,-1.52969248146972
Tpr_TRINITY_DN12001_c2_g5|Tdu_TRINITY_DN17746_c3_g1,-0.942514576289276,6.02304098221487,-3.319870641778789,0.00560788399021269,0.0407476875972959,-2.4665610243676603
Tpr_TRINITY_DN13698_c0_g1|Tdu_TRINITY_DN21056_c0_g1,-0.876841902202293,6.40711784763906,-3.67125918536296,0.0028696015482387893,0.0280789331283013,-1.85783557855335
Tpr_TRINITY_DN11987_c4_g1|Tdu_TRINITY_DN18347_c3_g2,-0.724679272361737,6.5720304697222005,-3.52621627051267,0.003781124844613,0.0326951470208645,-2.14500801391726
Tpr_TRINITY_DN10564_c0_g1|Tdu_TRINITY_DN16653_c0_g1,3.7856452713819104,6.774931307330131,4.1775408682271005,0.0011092914251032801,0.0172516114127177,-0.6751685726328699
Tpr_TRINITY_DN10712_c4_g2|Tdu_TRINITY_DN15757_c0_g1,-1.14719196292843,5.99614920331308,-4.487114798964299,0.0006281681083122138,0.0128204799948917,-0.30182005546421503
Tpr_TRINITY_DN10010_c0_g1|Tdu_TRINITY_DN19621_c0_g1,1.1538797212677598,7.9943898426917395,3.93470220698714,0.0017451328783027599,0.0218522127483114,-1.43184281738605
Tpr_TRINITY_DN6673_c0_g1|Tdu_TRINITY_DN22841_c2_g1,-0.8872441417159159,5.020844265831268,-3.73307393977499,0.00255233576743521,0.0263688584806861,-1.54800898806438
Tpr_TRINITY_DN12367_c0_g5|Tdu_TRINITY_DN17458_c1_g1,-0.722571216679696,7.994431944266402,-3.46865444034534,0.0042198681585416,0.0346778072929133,-2.37211264621985
Tpr_TRINITY_DN11344_c0_g11|Tdu_TRINITY_DN17039_c4_g3,-0.9215085248798308,4.743262205898179,-3.3666229670085697,0.005128109199936329,0.0388551094703092,-2.16091247270499
Tpr_TRINITY_DN10609_c3_g1|Tdu_TRINITY_DN21711_c4_g6,-2.5152852020210896,3.4106520753437204,-5.10712941682383,0.00020831787874893402,0.00795716961624942,0.85355225373165
Tpr_TRINITY_DN11290_c3_g2|Tdu_TRINITY_DN21932_c1_g1,-1.85544124651481,4.97893323491519,-5.42305936373994,0.00012106738941298998,0.00642119841810171,1.4272877900931698
Tpr_TRINITY_DN14076_c1_g5|Tdu_TRINITY_DN7204_c0_g1,-4.38390033833198,4.34268755754026,-6.922617894516652,1.11227546865899e-05,0.00248523969248291,3.44102666671906
Tpr_TRINITY_DN30681_c0_g1|Tdu_TRINITY_DN14129_c0_g1,-1.93093484972625,2.1504323948474102,-3.4026817968021805,0.0047865141163881,0.0376367356441583,-1.90212008853478
Tpr_TRINITY_DN11579_c0_g1|Tdu_TRINITY_DN14362_c0_g1,1.08496173471776,5.751918367277058,3.47157025328688,0.00419645109205953,0.0346649725885582,-2.00206600745291
Tpr_TRINITY_DN15129_c9_g1|Tdu_TRINITY_DN18822_c0_g1,-0.8673997489913019,5.54016827036234,-3.2622321529463703,0.00626205228826961,0.043525967783323,-2.4976885406290896
Tpr_TRINITY_DN10825_c1_g13|Tdu_TRINITY_DN23239_c1_g2,-1.17063736519089,4.78372304839863,-3.20366570749349,0.00700536495445922,0.0464440079425015,-2.43913743443952
Tpr_TRINITY_DN10604_c4_g1|Tdu_TRINITY_DN17453_c7_g1,1.32464338523095,8.076548336175389,6.2378579752497805,3.1840030531957896e-05,0.0038424918005741,2.5945074478742005
Tpr_TRINITY_DN14793_c4_g1|Tdu_TRINITY_DN19040_c5_g1,-0.930383550513771,5.637998664157539,-4.21330987449326,0.00103818799963974,0.016529620407266,-0.741469276229111
Tpr_TRINITY_DN14479_c3_g3|Tdu_TRINITY_DN17699_c1_g2,-1.05132286831191,4.7034588161696,-3.57843452743421,0.0034231898238901107,0.0309499475174082,-1.77955344574002
Tpr_TRINITY_DN14622_c0_g1|Tdu_TRINITY_DN18692_c4_g1,-0.820535882808837,6.72189589868899,-3.6010034643083,0.00327932188517267,0.0301733849036827,-2.01851770570912
Tpr_TRINITY_DN15985_c2_g1|Tdu_TRINITY_DN25470_c2_g2,-2.92234385840328,3.10599251187575,-5.389021847153879,0.000128272488389038,0.00667578131759697,1.24536430912868
Tpr_TRINITY_DN11791_c1_g3|Tdu_TRINITY_DN21262_c0_g1,0.663173258137224,7.744880770738798,3.80743896187701,0.00221758184829214,0.0244148934171878,-1.67660887667894
Tpr_TRINITY_DN13348_c2_g2|Tdu_TRINITY_DN17805_c2_g5,-1.32562913506458,7.556260636772588,-5.4815099078566805,0.000109667182927783,0.00602284430665844,1.31337632040553
Tpr_TRINITY_DN13205_c0_g4|Tdu_TRINITY_DN24596_c3_g2,3.22490936897163,5.30631268001992,6.045326068413581,4.329222864154001e-05,0.00411906084068066,2.13987254946083
Tpr_TRINITY_DN12927_c1_g2|Tdu_TRINITY_DN16850_c0_g1,-2.00378448729161,4.560993538097179,-3.6992276599233502,0.0027213534699908107,0.0274342740249558,-1.4738459957333705
Tpr_TRINITY_DN11853_c0_g1|Tdu_TRINITY_DN23533_c1_g1,-2.14597587225961,4.63527950922614,-4.03526041845021,0.0014455867183978401,0.0199111705444791,-0.8685876583014641
Tpr_TRINITY_DN15532_c0_g1|Tdu_TRINITY_DN25311_c1_g1,-1.07917211550763,5.95457517809906,-3.47223848309329,0.00419110304640886,0.0346649725885582,-2.16176561659674
Tpr_TRINITY_DN11892_c3_g4|Tdu_TRINITY_DN20048_c1_g1,1.5068491232368202,5.68213994892253,3.75647290404544,0.0024417811671849,0.0257702303918234,-1.44027030362931
Tpr_TRINITY_DN10400_c0_g4|Tdu_TRINITY_DN21693_c1_g2,-2.38281634240987,4.46097099854321,-4.5250061810518,0.000586375843609696,0.0126010783793662,-0.0249116863099843
Tpr_TRINITY_DN12055_c0_g2|Tdu_TRINITY_DN17436_c4_g3,0.8783378544390898,7.657365285619,4.5390579087485,0.00057161947424348,0.0125259877948038,-0.301308853407853
Tpr_TRINITY_DN11527_c0_g3|Tdu_TRINITY_DN14088_c0_g1,-1.05427272443438,5.83135761147032,-4.21505135857366,0.0010348485413325301,0.0165080149495708,-0.781893533149478
Tpr_TRINITY_DN12486_c1_g3|Tdu_TRINITY_DN19099_c2_g1,1.88081897107162,4.60648111418963,3.68391265617214,0.0028015384756110893,0.0278050189349387,-1.42630159174033
Tpr_TRINITY_DN10861_c12_g3|Tdu_TRINITY_DN18544_c2_g7,-2.52132049006273,2.99372187206944,-3.9566997135214,0.00167457191562717,0.0215250956507269,-0.97459151520562
Tpr_TRINITY_DN13960_c0_g3|Tdu_TRINITY_DN19656_c0_g1,-0.8743435092246391,5.25775964658903,-3.5354529047551297,0.00371515423057509,0.0322784264701487,-1.94244394308398
